{
  "_fv": 24,
  "_type": "tool",
  "definition": {
    "renderType": 0,
    "texture": "carbon_axe",
    "customModelName": "Normal",
    "name": "Carbon Axe",
    "specialInfo": [
      "A axe made out of carbon! Lesser efficiency but tougher durability and faster use speed."
    ],
    "creativeTab": {
      "value": "TOOLS"
    },
    "toolType": "Axe",
    "harvestLevel": 3,
    "efficiency": 4.0,
    "attackSpeed": 1.35,
    "enchantability": 10,
    "damageVsEntity": 7.0,
    "usageCount": 2300,
    "blocksAffected": [],
    "hasGlow": false,
    "repairItems": [
      {
        "value": "CUSTOM:CarbonAlloy"
      }
    ],
    "immuneToFire": false,
    "stayInGridWhenCrafting": false,
    "damageOnCrafting": false
  }
}